claim_id,claim,claim_type,scope,evidence_ids,status,caveats
C01,FD001 official training contains100 engines and20631 complete rows,descriptive,downloaded training hash only,E-TRAIN,supported,No test schema audit
C02,Bayesian has lower90% interval score than CQR,comparative,Future exact finite official FD001 endpoint contrast using stored predictions,,unresolved,No official comparison executed. Development numerical gate PASS; high-rho stress convergence FAIL. No practical5cycle margin or population superiority claim.
C03,Exact conformal90% guarantee holds at official cutoff mechanism,theoretical,official FD001 test,S05;S07;S08,not-supported,Exchangeability/selection mechanism not established
C04,RP001 research combination is publication-novel,evidence-gap,current literature,S03;S04;S10;S11;S12;S13,unresolved,"Narrative search, missing full methods and recent identity discrepancies"
C05,100 engines establish tight±2pp90% calibration,comparative,future coverage estimation,E-PRECISION,not-supported,Observed90/100 hypothetical Wilson95 interval82.56..94.48%
C06,Synthetic FD001 evidence generalizes to real-engine operational safety,generalization,real fleet,S01;S02,not-supported,Synthetic-to-real gap
C07,Proposed landmark model is algebraically coherent for sampled alive cohort,methodological,specified equations only,V04-E-MATH;V04-E-SYN;V04-E-PPC,qualified,"Integrated likelihood and generic structural proof directly checked; practical/high-rho convergence remains unresolved. Working alive-landmark model, not generative survival or physical state."
V04-C01,Predictive numerical criterion satisfied on every original25 calibration sensor prefix,numerical-development,75quantiles and two approximate dependence-aware guards; tested development cases only,V04-E-PREC;V04-E-MC;V04-E-QC,qualified,"Approximate MCSE, not absolute or rigorous finite bound; future official endpoints untested."
V04-C02,Model has reliable convergence across all specified stress cases,computational-robustness,16fixed-truth synthetic fits within frozen33-fit campaign,V04-E-SYN;V04-E-RUNS,contradicted,High-rho repeat3 Rhat1.013598 fails; no resampling/replacement.
V04-C03,Eight pipeline perturbations measure total unconditional pipeline uncertainty,uncertainty,Repeated PCA/HPO/refit/calibration observed-data sensitivity,V04-E-PIPE,not-supported,Four dependent cutoff pairs; no independent assessment outcomes; finiteMCMCnoise; sensitivity only.
