artifact_id,artifact_type,path,claim_ids,generated_by,sha256
A0001,.gitignore,.gitignore,,RP001-preimplementation-review,f6b32333cb1ba0692ff3e227b66e813efa7edf51903374ccbaab23759b73e76a
A0002,configs,configs/.gitkeep,,RP001-preimplementation-review,e3b0c44298fc1c149afbf4c8996fb92427ae41e4649b934ca495991b7852b855
A0003,configs,configs/proposed_protocol_v0.2.json,,RP001-preimplementation-review,4860d88f8d902fe74f30cf587dc77099a8a4f21ac3f4c323398d8fd2e0f7bcdb
A0004,configs,configs/proposed_split_manifest.json,,RP001-preimplementation-review,6d6e0f10d979d41739c6c07b6bab8f0c32d2844ebd150e82d13caa3bd29e124b
A0005,configs,configs/protocol_lock_record.json,,RP001-preimplementation-review,cc20d01a85ae88ed9b9b90da051387c305225fa6a18136dc1c6b9724a93c0601
A0006,dataset-source-or-metadata,data/interim/.gitkeep,,RP001-preimplementation-review,e3b0c44298fc1c149afbf4c8996fb92427ae41e4649b934ca495991b7852b855
A0007,dataset-source-or-metadata,data/processed/.gitkeep,,RP001-preimplementation-review,e3b0c44298fc1c149afbf4c8996fb92427ae41e4649b934ca495991b7852b855
A0008,dataset-source-or-metadata,data/raw/.gitkeep,,RP001-preimplementation-review,e3b0c44298fc1c149afbf4c8996fb92427ae41e4649b934ca495991b7852b855
A0009,dataset-source-or-metadata,data/raw/CMAPSSData.zip,,RP001-preimplementation-review,74bef434a34db25c7bf72e668ea4cd52afe5f2cf8e44367c55a82bfd91a5a34f
A0010,dataset-source-or-metadata,data/raw/NASA_CMAPSS_original.zip,,RP001-preimplementation-review,c9c5dec12a945a82e8bb4446589d7fb3cc057b5e5d81fa1a12e25ee9912ad3b2
A0011,dataset-source-or-metadata,data/raw/provenance.json,,RP001-preimplementation-review,d7f72145e04b4a4da9c51049d3d5fc1e1200d2534a21997ba4ef8701bcbe1bd6
A0012,dataset-source-or-metadata,data/raw/readme.txt,,RP001-preimplementation-review,4f5270554b775c67e73aff383c5436fd329d6e4cc3d3a116913276fae511269b
A0013,dataset-source-or-metadata,data/raw/schema_contract.json,,RP001-preimplementation-review,2797cac13ec8fd9cd99c33b1097b6342ecbd7a0e8fb849aee8cf790f8b18d13d
A0014,dataset-source-or-metadata,data/raw/train_FD001.txt,,RP001-preimplementation-review,963b5e22825b34d8b21c69e1aeb4af3e647050eb672ee8834ba4b5d91d2de0f8
A0015,dataset-source-or-metadata,data/raw/training_audit.json,,RP001-preimplementation-review,25511cdb8f8d8553b9fee396774aed4cc9f529e67e3163caf89067e18be9fc7e
A0016,review,docs/00_research_lead_review.md,,RP001-preimplementation-review,16bc6612c42131588563ce84dbbee87210dd261567f537119b09100c6c8e1f21
A0017,review,docs/01_literature_gap_novelty_review.md,,RP001-preimplementation-review,0c2ad0dc87aa269028bea52c727c4c3c133e336e40faa684a7e6526cffe304d2
A0018,review,docs/02_dataset_feasibility_sample_precision.md,,RP001-preimplementation-review,7ece65faf284efde08086e40fd19764e8a77784df6d626e0f52b204d3103b123
A0019,review,docs/03_candidate_mathematical_model.md,,RP001-preimplementation-review,e85d88a7e698a6558cbbc30344c718a87698b6b0c00934e1821ffff30d6a7198
A0020,review,docs/04_statistical_analysis_plan.md,,RP001-preimplementation-review,500a8e577f4a7d2a52e21036def1001ff7a8cd55f84589e9790b1c901fc6d0cb
A0021,review,docs/05_fair_comparator_design.md,,RP001-preimplementation-review,eac3bfb1d51da5653c9f33bfc966753ef45a1df5366d80b556d8fc76c4d5eca2
A0022,review,docs/06_proposed_protocol_lock.md,,RP001-preimplementation-review,83b79de560054c59fe7aeefa378e2afdf143c2e7b2ce6b24331ea8e984bfcd14
A0023,review,docs/07_compute_feasibility_estimate.md,,RP001-preimplementation-review,162827b011772b4274e9b068e0bf7824477cbe1e6fccd002dae0bc5ccc9035a6
A0024,review,docs/08_risks_assumptions_decisions.md,,RP001-preimplementation-review,55127bdbcda12ad0f6b4990a36a3e32d42b4f2b42a607a22a6d54649466c670e
A0025,review,docs/09_methodology_audit.md,,RP001-preimplementation-review,113a3d273063172fca607397d75b50814763d2c19040d53c65bf8e80f66b649e
A0026,review,docs/g0_handoff.json,,RP001-preimplementation-review,a26a1a39b7787724dc61cae2569df64134f0ff7e692cd1fdc58b2d5b1562175f
A0027,review,docs/proposal_v0.1.md,,RP001-preimplementation-review,4ff06a6cf6f7a699dcbb9c66a76bfe6e21d60b64bc738c345e3b08c1f5118346
A0028,review,docs/research_lead_handoff.json,,RP001-preimplementation-review,ca6d4e6f184ef52348221e3706eee246b986879cb4d876288f8e5bb7b1c5eb22
A0029,experiments,experiments/.gitkeep,,RP001-preimplementation-review,e3b0c44298fc1c149afbf4c8996fb92427ae41e4649b934ca495991b7852b855
A0030,figures,figures/.gitkeep,,RP001-preimplementation-review,e3b0c44298fc1c149afbf4c8996fb92427ae41e4649b934ca495991b7852b855
A0031,literature,literature/.gitkeep,,RP001-preimplementation-review,e3b0c44298fc1c149afbf4c8996fb92427ae41e4649b934ca495991b7852b855
A0032,literature,literature/citation_status_audit.py,,RP001-preimplementation-review,7109e448269c1e5bc234b4ae119230e72fb09591607b9c70da95c36aee260aca
A0033,literature,literature/claim_evidence_map.json,,RP001-preimplementation-review,fe520f6dac0d4366f1640b8d9a5478b855d82b9f1f3994d7a56439c1646966a5
A0034,literature,literature/crossref_status_audit.json,,RP001-preimplementation-review,f41528e2f8a21caa6666b9a0f8baa1090eb05553749827162fa9e8df1fc533c7
A0035,literature,literature/evidence_records.json,,RP001-preimplementation-review,f39799915d17a56b05780c34976e1e372945da1b524cf05271971ab1d817b70f
A0036,literature,literature/search_log.json,,RP001-preimplementation-review,f66b0bbe69444e000dc0ff82f7bfabb458c9597795164791aebacdcefcd70a9a
A0037,logs,logs/.gitkeep,,RP001-preimplementation-review,e3b0c44298fc1c149afbf4c8996fb92427ae41e4649b934ca495991b7852b855
A0038,logs,logs/finalize_review_text.py,,RP001-preimplementation-review,f2e65f83463207a576e508176f3a8c736d1102828812f297ffab2101b03edeb7
A0039,logs,logs/handoff_validation.json,,RP001-preimplementation-review,b74e19c3b4435a0d2960f4f64037521892909f9b5c9244841d6c040c9f1fab60
A0040,logs,logs/mathematical_preflight.json,,RP001-preimplementation-review,c54b0caaf5a3b44b8c8eab6ec7dbd2d6e61022c1f5d86d91257ec541291f9012
A0041,logs,logs/methodology_audit_inputs/02_dataset_feasibility_sample_precision.md,,RP001-preimplementation-review,5009dd6c04512d15f117904bb18e3795232715d974751a0e4da22350ba130a86
A0042,logs,logs/methodology_audit_inputs/03_candidate_mathematical_model.md,,RP001-preimplementation-review,ca2f407ab13709ade2f3c8625e42754c8f8ef12b748bf545c391629cac5491ed
A0043,logs,logs/methodology_audit_inputs/04_statistical_analysis_plan.md,,RP001-preimplementation-review,c1ae4e4920b153d2781ca0e76f91e53dfa6d2f0cac160069d919cbe05a078db8
A0044,logs,logs/methodology_audit_inputs/05_fair_comparator_design.md,,RP001-preimplementation-review,cd52ab07fc44088368edad6d4054ba3790787413c022bff9c1afe2e09563b143
A0045,logs,logs/methodology_audit_inputs/06_proposed_protocol_lock.md,,RP001-preimplementation-review,83b79de560054c59fe7aeefa378e2afdf143c2e7b2ce6b24331ea8e984bfcd14
A0046,logs,logs/methodology_audit_inputs.json,,RP001-preimplementation-review,727f8463d035fcf160cab3af0ad484983c4b24b13aa5bc2e011bc463bbfc7394
A0047,logs,logs/prepare_review_package.py,,RP001-preimplementation-review,da4ca286987ad705cbaca0a0bdc5ea00b08987b0eae02d20f21c315a48f28ee4
A0048,logs,logs/python_capabilities.json,,RP001-preimplementation-review,5f8cf91860109c5a081d46d0b7e124b73225c2a51d554e1f04a0429a3425656d
A0049,logs,logs/research_validation.json,,RP001-preimplementation-review,f7a087d1ad64fe9a2ba90123ccdf1c90e795cafde9364b6d849be6c3daa3c8d8
A0050,logs,logs/sample_precision.json,,RP001-preimplementation-review,b8dc99709426591ed20d495304b93fde4b1ad99799e815f346201385bf35ab1d
A0051,logs,logs/verify_delivery.py,,RP001-preimplementation-review,825404f64da4f874fe8228aac22da7cd79c167a0b69a0e19a91655f34dbfc8ce
A0052,manuscript,manuscript/.gitkeep,,RP001-preimplementation-review,e3b0c44298fc1c149afbf4c8996fb92427ae41e4649b934ca495991b7852b855
A0053,notebooks,notebooks/.gitkeep,,RP001-preimplementation-review,e3b0c44298fc1c149afbf4c8996fb92427ae41e4649b934ca495991b7852b855
A0054,pyproject.toml,pyproject.toml,,RP001-preimplementation-review,12bf3337b13b03923fb57d6f6820301f472742d6856caeae7271be3f9bfe80d5
A0055,README.md,README.md,,RP001-preimplementation-review,d2e15f9aa39be99ff05382b1d8eb3f7d4b56f450832768dc03d79b78270bad17
A0056,research,research/claim_ledger.csv,,RP001-preimplementation-review,a11bd4cbbb76949021637a86f1689b8fcdbc001f57d633ea8622b17cf5fe9f32
A0057,research,research/data_manifest.json,,RP001-preimplementation-review,651966cb1a349b5b0dc0bc2e02dcffe06ce4eef6ef51485191454964a48dc26d
A0058,research,research/decision_log.md,,RP001-preimplementation-review,1737a7a3d87ee26103d5bb2085a8fd148e741ce046181bd9b0097d57bc5379c4
A0059,research,research/environment_manifest.json,,RP001-preimplementation-review,7da758908b1d27b65bd8009a846c0cf35b83ce8f904abd17109c280e49ff1b0f
A0060,research,research/experiment_registry.jsonl,,RP001-preimplementation-review,e3b0c44298fc1c149afbf4c8996fb92427ae41e4649b934ca495991b7852b855
A0061,research,research/gate_results.json,,RP001-preimplementation-review,584291626bf2c3b3c7c58272796478319d76b5968ab5530f30aa7c15e3aefa6e
A0062,research,research/literature_ledger.csv,,RP001-preimplementation-review,b0eb06996c76419e4fb00e8ad8aae8d421292108cecfd83d08afc2da2185a6b7
A0063,research,research/protocol.json,,RP001-preimplementation-review,4860d88f8d902fe74f30cf587dc77099a8a4f21ac3f4c323398d8fd2e0f7bcdb
A0064,research,research/workflow_route.json,,RP001-preimplementation-review,685a143197a222bc49308893b62eefb9555e13ed10a6a8223725d49962078ff6
A0065,results,results/.gitkeep,,RP001-preimplementation-review,e3b0c44298fc1c149afbf4c8996fb92427ae41e4649b934ca495991b7852b855
A0066,src,src/.gitkeep,,RP001-preimplementation-review,e3b0c44298fc1c149afbf4c8996fb92427ae41e4649b934ca495991b7852b855
A0067,src,src/rp001_preflight.py,,RP001-preimplementation-review,950ad28ff5477ec36ecd14c43479e4fca05001a88e5e29c8b09324d0b0dd1820
A0068,tests,tests/.gitkeep,,RP001-preimplementation-review,e3b0c44298fc1c149afbf4c8996fb92427ae41e4649b934ca495991b7852b855
A0069,tests,tests/verify_protocol_mathematics.py,,RP001-preimplementation-review,e74ae615c20dd8200ac4731d1639317ee6566fc8212b5c86656b1afd9090075f
