evidence_id,title,year,venue,doi,url,source_type,verified,stance,relevance,notes
S01,CMAPSS Jet Engine Simulated Data,2008,official-dataset-metadata,,https://data.nasa.gov/dataset/cmapss-jet-engine-simulated-data,official-dataset-metadata,yes,context,FD001 simulated run-to-failure training and truncated test; one operating condition and HPC mode.,metadata-verified; Cutoff sampling mechanism and explicit license not supplied.
S02,Prognostics Center of Excellence Data Set Repository,,official-repository,,https://www.nasa.gov/intelligent-systems-division/discovery-and-systems-health/pcoe/pcoe-data-set-repository/,official-repository,yes,context,Links original C-MAPSS archive; asks acknowledgment and notes use at user's risk.,repository-content-verified; Not a blanket redistribution license.
S03,Conformal Prediction Intervals for Remaining Useful Lifetime Estimation,2023,journal-study,10.36001/ijphm.2023.v14i2.3417,https://papers.phmsociety.org/index.php/ijphm/article/view/3417,journal-study,yes,boundary-condition,"Conformal RUL and CQR evaluated on C-MAPSS. Dependence, landmark policy, and target rectification affect direct comparability.",full-text-verified; No complete reanalysis of author code; no imported performance estimates.
S04,Utilizing uncertainty information in remaining useful life estimation via Bayesian neural networks and Hamiltonian Monte Carlo,2021,journal-study,10.1016/j.jmsy.2020.11.005,https://www.sciencedirect.com/science/article/pii/S0278612520301928,journal-study,yes,boundary-condition,Bayesian neural RUL and HMC/VI on simulated turbofans predate RP-001.,abstract-verified; Full methods and diagnostics not verified.
S05,Conformalized Quantile Regression,2019,conference-methods,,https://proceedings.neurips.cc/paper/2019/hash/5103c3584b063c431bd1268e9b5e76fb-Abstract.html,conference-methods,yes,boundary-condition,CQR marginal coverage relies on exchangeable data; correction uses finite sample inflated rank.,full-text-verified-author-report; No automatic conditional or new-cutoff-distribution guarantee.
S06,"Strictly Proper Scoring Rules, Prediction, and Estimation",2007,journal-methods,10.1198/016214506000001437,https://doi.org/10.1198/016214506000001437,journal-methods,yes,supports,Interval score rewards narrow intervals and penalizes misses with distance; central interval levels matter.,full-text-verified-author-manuscript; One interval does not define full predictive distribution.
S07,Conformal prediction beyond exchangeability,2023,author-methods-report,,https://arxiv.org/html/2202.13415v5,author-methods-report,yes,boundary-condition,Distribution drift and asymmetry can degrade standard conformal guarantees; robustness methods require assumptions.,full-text-verified-author-report; Cannot justify arbitrary weights or official FD001 coverage by citation alone.
S08,Distribution-free inference with hierarchical data,2025,author-methods-report,,https://arxiv.org/html/2306.06342v4,author-methods-report,yes,boundary-condition,Hierarchical data need tailored exchangeability; repeated-measure conditional properties have explicit conditions.,full-text-verified-author-report; Does not certify sequential engine windows under arbitrary sampling.
S09,"Rank-normalization, folding, and localization: An improved R-hat for assessing convergence of MCMC",2021,journal-methods,10.1214/20-BA1221,https://aaltodoc.aalto.fi/items/332dd844-1b47-4876-a7ca-f2b54a33e4b1,journal-methods,yes,supports,Multiple chains with rank/folded diagnostics and local ESS support posterior computation assessment.,full-text-verified-author-manuscript; Diagnostics cannot validate likelihood or real-engine generalization.
S10,Few-shot remaining useful life prediction based on Bayesian meta-learning with predictive uncertainty calibration,2025,journal-study,10.1016/j.engappai.2024.109980,https://www.sciencedirect.com/science/article/pii/S0952197624021390,journal-study,yes,boundary-condition,Bayesian predictive calibration already explored in few-shot bearing prognostics.,abstract-verified-with-publisher-preview; Not direct FD001 evidence; full methods unavailable.
S11,Uncertainty aware predictive maintenance using a hybrid Transformer with Monte Carlo Dropout and conformal prediction,2026,journal-study,10.1016/j.asej.2026.103992,https://www.sciencedirect.com/science/article/pii/S2090447926000195,journal-study,yes,boundary-condition,MC Dropout and conformal uncertainty framework tested on FD001/FD003 predates RP-001.,publisher-content-verified-selected-sections; No full code/inference replication; CP not an identified aleatoric-only component.
S12,Leakage-Resistant and Uncertainty-Aware Remaining Useful Life Prediction: An Engine-Disjoint Benchmark and Deployable Application on NASA C-MAPSS,2026,journal-report-peer-review-unverified,10.65420/sjphrt.v2i3.169,https://sjphrt.com.ly/index.php/sjphrt/en/article/view/169,journal-report-peer-review-unverified,yes,boundary-condition,"Publisher abstract reports engine-disjoint calibration and official endpoint evaluation, close to proposed gap.","abstract-verified; Full methods, code, and DOI registration not independently verified; no quantitative performance reliance."
S13,A novel uncertainty-aware framework for remaining useful life prediction integrating uncertainty quantification and calibration,2026,candidate-journal-report,10.1016/j.ress.2026.112763,https://api.crossref.org/works/10.1016/j.ress.2026.112763,candidate-journal-report,metadata-only,context,Potential highly relevant prior-art candidate identified.,metadata-only; Publisher full text/abstract not primary-verified; secondary discovery description not used as scientific evidence.
S14,Google Colab FAQ,2026,official-product-documentation,,https://research.google.com/colaboratory/faq.html,official-product-documentation,yes,boundary-condition,Resources vary and are not guaranteed; paid runtime tied to availability/compute units.,documentation-content-verified; User account and current units not inspected.
S15,pymc.sample_posterior_predictive,2026,official-software-documentation,,https://www.pymc.io/projects/docs/en/stable/api/generated/pymc.sample_posterior_predictive.html,official-software-documentation,yes,context,Posterior-predictive resampling semantics must be verified for installed release and new variables.,documentation-content-verified; API docs are not mathematical evidence for unseen-engine conditioning.
S16,Uncertainty-aware Remaining Useful Life predictor,2021,preprint-adjacent-study,,https://arxiv.org/abs/2104.03613,preprint-adjacent-study,yes,boundary-condition,Deep Gaussian process UQ studied on N-CMAPSS.,abstract-verified; N-CMAPSS is a different dataset from FD001; no pooling.
