,mean,sd,hdi_3%,hdi_97%,mcse_mean,mcse_sd,ess_bulk,ess_tail,r_hat
beta[0],5.012615371712916,0.07417448315590318,4.875207041365264,5.154566680834964,0.00034976203346925785,0.00028950837158697853,45262.017938397905,44203.23401491245,1.0000627067123613
beta[1],-0.27297136455788495,0.1114393249519768,-0.48603429440178725,-0.06633475271440994,0.00045108683711734984,0.00042774312921157163,61106.271755516114,49130.81444141223,1.0000428139522788
gamma[0],-0.1845091991518756,0.05356515712641904,-0.28565702476343535,-0.08404342674658095,0.00023604450602745847,0.00021559559633973325,51569.976695655096,45499.354222938935,1.0001240857535143
gamma[1],-0.9059366851106149,0.13007707615802944,-1.1468922872230205,-0.6585643304553928,0.0006579288209259323,0.0005314334614941136,39218.924581713014,42202.814591846945,1.0000797896146776
"Gamma[0, 0]",0.653257016856647,0.1259286090608392,0.4147987701842628,0.8874733000413602,0.00046249089023822095,0.0004780797165408635,74134.9141069197,49919.00385044243,0.9999902248802008
"Gamma[0, 1]",0.9115695294911876,0.21361193693103872,0.5138202153219291,1.315086784488094,0.0007795939332136728,0.0008376917411430143,75365.33405386582,49670.84035038705,1.000062836307419
"Gamma[1, 0]",0.5127163366567472,0.06443403837613632,0.39153973999738334,0.6343491370150384,0.0002385441080374045,0.00024594970777298326,73033.44227655976,50492.01202227673,1.0000055266172716
"Gamma[1, 1]",0.3123687705233606,0.1195446935384747,0.08244672771537026,0.5334677300319801,0.0004439233009471327,0.0004707448194546689,72655.78866727071,49451.54263565554,1.0000008447160686
tau[0],0.9799319814893793,0.08695304291852606,0.8192524018712327,1.1418715462425026,0.00032338508204686353,0.00036417562359076394,75778.18420279124,46106.34087178456,1.0000779136807958
tau[1],0.460782891388803,0.048016983059988326,0.3722013287667201,0.5512923849787464,0.0001763062802184936,0.00019785332543181266,75955.15744364707,49546.17992849677,1.00019453587014
r_g,0.47988134053344483,0.10359229956055413,0.2851252246953975,0.6684079234536737,0.00039037707239397153,0.0003955525626601469,70534.21736470192,51928.42340691714,1.000001608106265
sigma_z,0.27010051434544424,0.00480889706093351,0.26119278540343843,0.27933502365308227,1.550849709179844e-05,2.092777529266702e-05,96353.96084658653,45870.924578089136,1.0001241502103388
sigma_r,0.3032196331693292,0.045368190322036754,0.2198706496517027,0.389753612581358,0.00019212879754506982,0.00017496923726897882,55833.23659291832,47602.18014382439,0.9999942243374641
rho,0.004999678216135971,0.025911918685605734,-0.04286253335128169,0.05438898115675116,8.419092000235745e-05,0.00011082679790096439,94738.30911994942,46923.18016251748,1.0000496168001765
